passenger_id;passenger_name
5768245994;VITALIY GORBUNOV
5273113465;STEPAN KOZLOV
3934819325;EGOR PETROV
1930563909;VLADIMIR SEMENOV
6398633323;TATYANA TIMOFEEVA
4065686135;VLADIMIR VASILEV
3339272050;NINA ABRAMOVA
2840015093;ALEKSANDR GRIGOREV
7254207295;VIKTOR FEDOTOV
9731767051;ALEKSEY SCHERBAKOV
0038088786;IGOR FROLOV
6179080045;SERGEY BARANOV
7930102875;TAISIYA KOZLOVA
1295480023;VALENTINA KONDRATEVA
3415175570;ANTONINA POPOVA
7586808853;YURIY SOKOLOV
3175839264;VIKTOR SOLOVEV
3494918076;EKATERINA LAZAREVA
5376648840;TATYANA ZOTOVA
4628303618;LIDIYA ZAYCEVA
5419452018;ANDREY GERASIMOV
4834551860;KIRA TROFIMOVA
1338622396;GALINA LUKYANOVA
2692916004;VARVARA KOROLEVA
5273113465;STEPAN KOZLOV
5202961726;OKSANA GUSEVA
0235625426;MIKHAIL MAKSIMOV
8112504933;NATALIYA GUSEVA
6027463724;NATALYA KOLESNIKOVA
7891932883;ELIZAVETA NOVIKOVA
8784329712;ANDREY NAZAROV
1943177468;TATYANA KAZAKOVA
2782542247;SVETLANA SMIRNOVA
0665952865;TATYANA SOROKINA
6818454979;STANISLAV IVANOV
0654560520;MARIYA ANTONOVA
7713722800;IRINA PETROVA
4698751072;ALINA KAZAKOVA
0409516465;ROMAN MAKAROV
5297790116;MARIYA NIKITINA
8412279316;VERONIKA BARANOVA
5273113465;STEPAN KOZLOV
9365016473;FATYMA VOLKOVA
7937273604;OLGA KULIKOVA
9336798081;VSEVOLOD ANDREEV
4784956360;SERGEY BONDARENKO
2986090074;NATALYA NOVIKOVA
0728485860;MAKSIM NIKITIN
2356118234;NIKITA TIKHONOV
3237023762;KONSTANTIN BORISOV